product_id,product_name,tags,category_name,description
1,Essence Mascara Lash Princess,"[""beauty"", ""mascara""]",Beauty,The Essence Mascara Lash Princess is a popular mascara known for its volumizing and lengthening effects. Achieve dramatic lashes with this long-lasting and cruelty-free formula.
2,Eyeshadow Palette with Mirror,"[""beauty"", ""eyeshadow""]",Beauty,"The Eyeshadow Palette with Mirror offers a versatile range of eyeshadow shades for creating stunning eye looks. With a built-in mirror, it's convenient for on-the-go makeup application."
3,Powder Canister,"[""beauty"", ""face powder""]",Beauty,"The Powder Canister is a finely milled setting powder designed to set makeup and control shine. With a lightweight and translucent formula, it provides a smooth and matte finish."
4,Red Lipstick,"[""beauty"", ""lipstick""]",Beauty,"The Red Lipstick is a classic and bold choice for adding a pop of color to your lips. With a creamy and pigmented formula, it provides a vibrant and long-lasting finish."
5,Red Nail Polish,"[""beauty"", ""nail polish""]",Beauty,"The Red Nail Polish offers a rich and glossy red hue for vibrant and polished nails. With a quick-drying formula, it provides a salon-quality finish at home."
6,Calvin Klein CK One,"[""fragrances"", ""perfumes""]",Fragrances,"CK One by Calvin Klein is a classic unisex fragrance, known for its fresh and clean scent. It's a versatile fragrance suitable for everyday wear."
7,Chanel Coco Noir Eau De,"[""fragrances"", ""perfumes""]",Fragrances,"Coco Noir by Chanel is an elegant and mysterious fragrance, featuring notes of grapefruit, rose, and sandalwood. Perfect for evening occasions."
8,"Dior J'adore","[""fragrances"", ""perfumes""]",Fragrances,"J'adore by Dior is a luxurious and floral fragrance, known for its blend of ylang-ylang, rose, and jasmine. It embodies femininity and sophistication."
9,Dolce Shine Eau de,"[""fragrances"", ""perfumes""]",Fragrances,"Dolce Shine by Dolce & Gabbana is a vibrant and fruity fragrance, featuring notes of mango, jasmine, and blonde woods. It's a joyful and youthful scent."
10,Gucci Bloom Eau de,"[""fragrances"", ""perfumes""]",Fragrances,"Gucci Bloom by Gucci is a floral and captivating fragrance, with notes of tuberose, jasmine, and Rangoon creeper. It's a modern and romantic scent."
11,Annibale Colombo Bed,"[""furniture"", ""beds""]",Furniture,"The Annibale Colombo Bed is a luxurious and elegant bed frame, crafted with high-quality materials for a comfortable and stylish bedroom."
12,Annibale Colombo Sofa,"[""furniture"", ""sofas""]",Furniture,"The Annibale Colombo Sofa is a sophisticated and comfortable seating option, featuring exquisite design and premium upholstery for your living room."
13,Bedside Table African Cherry,"[""furniture"", ""bedside tables""]",Furniture,"The Bedside Table in African Cherry is a stylish and functional addition to your bedroom, providing convenient storage space and a touch of elegance."
14,Knoll Saarinen Executive Conference Chair,"[""furniture"", ""office chairs""]",Furniture,"The Knoll Saarinen Executive Conference Chair is a modern and ergonomic chair, perfect for your office or conference room with its timeless design."
15,Wooden Bathroom Sink With Mirror,"[""furniture"", ""bathroom""]",Furniture,"The Wooden Bathroom Sink with Mirror is a unique and stylish addition to your bathroom, featuring a wooden sink countertop and a matching mirror."
16,Apple,"[""fruits""]",Groceries,"Fresh and crisp apples, perfect for snacking or incorporating into various recipes."
17,Beef Steak,"[""meat""]",Groceries,"High-quality beef steak, great for grilling or cooking to your preferred level of doneness."
18,Cat Food,"[""pet supplies"", ""cat food""]",Groceries,Nutritious cat food formulated to meet the dietary needs of your feline friend.
19,Chicken Meat,"[""meat""]",Groceries,"Fresh and tender chicken meat, suitable for various culinary preparations."
20,Cooking Oil,"[""cooking essentials""]",Groceries,"Versatile cooking oil suitable for frying, sautéing, and various culinary applications."
21,Cucumber,"[""vegetables""]",Groceries,"Crisp and hydrating cucumbers, ideal for salads, snacks, or as a refreshing side."
22,Dog Food,"[""pet supplies"", ""dog food""]",Groceries,Specially formulated dog food designed to provide essential nutrients for your canine companion.
23,Eggs,"[""dairy""]",Groceries,"Fresh eggs, a versatile ingredient for baking, cooking, or breakfast."
24,Fish Steak,"[""seafood""]",Groceries,"Quality fish steak, suitable for grilling, baking, or pan-searing."
25,Green Bell Pepper,"[""vegetables""]",Groceries,"Fresh and vibrant green bell pepper, perfect for adding color and flavor to your dishes."
26,Green Chili Pepper,"[""vegetables""]",Groceries,"Spicy green chili pepper, ideal for adding heat to your favorite recipes."
27,Honey Jar,"[""condiments""]",Groceries,"Pure and natural honey in a convenient jar, perfect for sweetening beverages or drizzling over food."
28,Ice Cream,"[""desserts""]",Groceries,"Creamy and delicious ice cream, available in various flavors for a delightful treat."
29,Juice,"[""beverages""]",Groceries,"Refreshing fruit juice, packed with vitamins and great for staying hydrated."
30,Kiwi,"[""fruits""]",Groceries,"Nutrient-rich kiwi, perfect for snacking or adding a tropical twist to your dishes."
31,Lemon,"[""fruits""]",Groceries,"Zesty and tangy lemons, versatile for cooking, baking, or making refreshing beverages."
32,Milk,"[""dairy""]",Groceries,"Fresh and nutritious milk, a staple for various recipes and daily consumption."
33,Mulberry,"[""fruits""]",Groceries,"Sweet and juicy mulberries, perfect for snacking or adding to desserts and cereals."
34,Nescafe Coffee,"[""beverages"", ""coffee""]",Groceries,"Quality coffee from Nescafe, available in various blends for a rich and satisfying cup."
35,Potatoes,"[""vegetables""]",Groceries,"Versatile and starchy potatoes, great for roasting, mashing, or as a side dish."
36,Protein Powder,"[""health supplements""]",Groceries,"Nutrient-packed protein powder, ideal for supplementing your diet with essential proteins."
37,Red Onions,"[""vegetables""]",Groceries,"Flavorful and aromatic red onions, perfect for adding depth to your savory dishes."
38,Rice,"[""grains""]",Groceries,"High-quality rice, a staple for various cuisines and a versatile base for many dishes."
39,Soft Drinks,"[""beverages""]",Groceries,"Assorted soft drinks in various flavors, perfect for refreshing beverages."
40,Strawberry,"[""fruits""]",Groceries,"Sweet and succulent strawberries, great for snacking, desserts, or blending into smoothies."
41,Tissue Paper Box,"[""household essentials""]",Groceries,"Convenient tissue paper box for everyday use, providing soft and absorbent tissues."
42,Water,"[""beverages""]",Groceries,"Pure and refreshing bottled water, essential for staying hydrated throughout the day."
43,Decoration Swing,"[""home decor"", ""swing""]",Home decoration,"The Decoration Swing is a charming addition to your home decor. Crafted with intricate details, it adds a touch of elegance and whimsy to any room."
44,Family Tree Photo Frame,"[""home decor"", ""photo frame""]",Home decoration,"The Family Tree Photo Frame is a sentimental and stylish way to display your cherished family memories. With multiple photo slots, it tells the story of your loved ones."
45,House Showpiece Plant,"[""home decor"", ""artificial plants""]",Home decoration,The House Showpiece Plant is an artificial plant that brings a touch of nature to your home without the need for maintenance. It adds greenery and style to any space.
46,Plant Pot,"[""home decor"", ""plant accessories""]",Home decoration,"The Plant Pot is a stylish container for your favorite plants. With a sleek design, it complements your indoor or outdoor garden, adding a modern touch to your plant display."
47,Table Lamp,"[""home decor"", ""lighting""]",Home decoration,"The Table Lamp is a functional and decorative lighting solution for your living space. With a modern design, it provides both ambient and task lighting, enhancing the atmosphere."
48,Bamboo Spatula,"[""kitchen tools"", ""utensils""]",Kitchen accessories,"The Bamboo Spatula is a versatile kitchen tool made from eco-friendly bamboo. Ideal for flipping, stirring, and serving various dishes."
49,Black Aluminium Cup,"[""drinkware"", ""cups""]",Kitchen accessories,The Black Aluminium Cup is a stylish and durable cup suitable for both hot and cold beverages. Its sleek black design adds a modern touch to your drinkware collection.
50,Black Whisk,"[""kitchen tools"", ""utensils""]",Kitchen accessories,The Black Whisk is a kitchen essential for whisking and beating ingredients. Its ergonomic handle and sleek design make it a practical and stylish tool.
51,Boxed Blender,"[""kitchen appliances"", ""blenders""]",Kitchen accessories,"The Boxed Blender is a powerful and compact blender perfect for smoothies, shakes, and more. Its convenient design and multiple functions make it a versatile kitchen appliance."
52,Carbon Steel Wok,"[""cookware"", ""woks""]",Kitchen accessories,"The Carbon Steel Wok is a versatile cooking pan suitable for stir-frying, sautéing, and deep frying. Its sturdy construction ensures even heat distribution for delicious meals."
53,Chopping Board,"[""kitchen tools"", ""cutting boards""]",Kitchen accessories,"The Chopping Board is an essential kitchen accessory for food preparation. Made from durable material, it provides a safe and hygienic surface for cutting and chopping."
54,Citrus Squeezer Yellow,"[""kitchen tools"", ""juicers""]",Kitchen accessories,The Citrus Squeezer in Yellow is a handy tool for extracting juice from citrus fruits. Its vibrant color adds a cheerful touch to your kitchen gadgets.
55,Egg Slicer,"[""kitchen tools"", ""slicers""]",Kitchen accessories,"The Egg Slicer is a convenient tool for slicing boiled eggs evenly. It's perfect for salads, sandwiches, and other dishes where sliced eggs are desired."
56,Electric Stove,"[""kitchen appliances"", ""cooktops""]",Kitchen accessories,The Electric Stove provides a portable and efficient cooking solution. Ideal for small kitchens or as an additional cooking surface for various culinary needs.
57,Fine Mesh Strainer,"[""kitchen tools"", ""strainers""]",Kitchen accessories,The Fine Mesh Strainer is a versatile tool for straining liquids and sifting dry ingredients. Its fine mesh ensures efficient filtering for smooth cooking and baking.
58,Fork,"[""kitchen tools"", ""utensils""]",Kitchen accessories,The Fork is a classic utensil for various dining and serving purposes. Its durable and ergonomic design makes it a reliable choice for everyday use.
59,Glass,"[""drinkware"", ""glasses""]",Kitchen accessories,The Glass is a versatile and elegant drinking vessel suitable for a variety of beverages. Its clear design allows you to enjoy the colors and textures of your drinks.
60,Grater Black,"[""kitchen tools"", ""graters""]",Kitchen accessories,"The Grater in Black is a handy kitchen tool for grating cheese, vegetables, and more. Its sleek design and sharp blades make food preparation efficient and easy."
61,Hand Blender,"[""kitchen appliances"", ""blenders""]",Kitchen accessories,"The Hand Blender is a versatile kitchen appliance for blending, pureeing, and mixing. Its compact design and powerful motor make it a convenient tool for various recipes."
62,Ice Cube Tray,"[""kitchen tools"", ""ice cube trays""]",Kitchen accessories,The Ice Cube Tray is a practical accessory for making ice cubes in various shapes. Perfect for keeping your drinks cool and adding a fun element to your beverages.
63,Kitchen Sieve,"[""kitchen tools"", ""strainers""]",Kitchen accessories,The Kitchen Sieve is a versatile tool for sifting and straining dry and wet ingredients. Its fine mesh design ensures smooth results in your cooking and baking.
64,Knife,"[""kitchen tools"", ""cutlery""]",Kitchen accessories,"The Knife is an essential kitchen tool for chopping, slicing, and dicing. Its sharp blade and ergonomic handle make it a reliable choice for food preparation."
65,Lunch Box,"[""kitchen tools"", ""storage""]",Kitchen accessories,"The Lunch Box is a convenient and portable container for packing and carrying your meals. With compartments for different foods, it's perfect for on-the-go dining."
66,Microwave Oven,"[""kitchen appliances"", ""microwaves""]",Kitchen accessories,"The Microwave Oven is a versatile kitchen appliance for quick and efficient cooking, reheating, and defrosting. Its compact size makes it suitable for various kitchen setups."
67,Mug Tree Stand,"[""kitchen tools"", ""organization""]",Kitchen accessories,The Mug Tree Stand is a stylish and space-saving solution for organizing your mugs. Keep your favorite mugs easily accessible and neatly displayed in your kitchen.
68,Pan,"[""cookware"", ""pans""]",Kitchen accessories,"The Pan is a versatile and essential cookware item for frying, sautéing, and cooking various dishes. Its non-stick coating ensures easy food release and cleanup."
69,Plate,"[""dinnerware"", ""plates""]",Kitchen accessories,The Plate is a classic and essential dishware item for serving meals. Its durable and stylish design makes it suitable for everyday use or special occasions.
70,Red Tongs,"[""kitchen tools"", ""tongs""]",Kitchen accessories,The Red Tongs are versatile kitchen tongs suitable for various cooking and serving tasks. Their vibrant color adds a pop of excitement to your kitchen utensils.
71,Silver Pot With Glass Cap,"[""cookware"", ""pots""]",Kitchen accessories,"The Silver Pot with Glass Cap is a stylish and functional cookware item for boiling, simmering, and preparing delicious meals. Its glass cap allows you to monitor cooking progress."
72,Slotted Turner,"[""kitchen tools"", ""turners""]",Kitchen accessories,"The Slotted Turner is a kitchen utensil designed for flipping and turning food items. Its slotted design allows excess liquid to drain, making it ideal for frying and sautéing."
73,Spice Rack,"[""kitchen tools"", ""organization""]",Kitchen accessories,The Spice Rack is a convenient organizer for your spices and seasonings. Keep your kitchen essentials within reach and neatly arranged with this stylish spice rack.
74,Spoon,"[""kitchen tools"", ""utensils""]",Kitchen accessories,"The Spoon is a versatile kitchen utensil for stirring, serving, and tasting. Its ergonomic design and durable construction make it an essential tool for every kitchen."
75,Tray,"[""serveware"", ""trays""]",Kitchen accessories,"The Tray is a functional and decorative item for serving snacks, appetizers, or drinks. Its stylish design makes it a versatile accessory for entertaining guests."
76,Wooden Rolling Pin,"[""kitchen tools"", ""baking""]",Kitchen accessories,The Wooden Rolling Pin is a classic kitchen tool for rolling out dough for baking. Its smooth surface and sturdy handles make it easy to achieve uniform thickness.
77,Yellow Peeler,"[""kitchen tools"", ""peelers""]",Kitchen accessories,The Yellow Peeler is a handy tool for peeling fruits and vegetables with ease. Its bright yellow color adds a cheerful touch to your kitchen gadgets.
78,Apple MacBook Pro 14 Inch Space Grey,"[""laptops"", ""apple""]",Laptops,"The MacBook Pro 14 Inch in Space Grey is a powerful and sleek laptop, featuring Apple's M1 Pro chip for exceptional performance and a stunning Retina display."
79,Asus Zenbook Pro Dual Screen Laptop,"[""laptops""]",Laptops,"The Asus Zenbook Pro Dual Screen Laptop is a high-performance device with dual screens, providing productivity and versatility for creative professionals."
80,Huawei Matebook X Pro,"[""laptops""]",Laptops,"The Huawei Matebook X Pro is a slim and stylish laptop with a high-resolution touchscreen display, offering a premium experience for users on the go."
81,Lenovo Yoga 920,"[""laptops""]",Laptops,"The Lenovo Yoga 920 is a 2-in-1 convertible laptop with a flexible hinge, allowing you to use it as a laptop or tablet, offering versatility and portability."
82,New DELL XPS 13 9300 Laptop,"[""laptops""]",Laptops,"The New DELL XPS 13 9300 Laptop is a compact and powerful device, featuring a virtually borderless InfinityEdge display and high-end performance for various tasks."
83,Blue & Black Check Shirt,"[""clothing"", ""men's shirts""]",Mens shirts,"The Blue & Black Check Shirt is a stylish and comfortable men's shirt featuring a classic check pattern. Made from high-quality fabric, it's suitable for both casual and semi-formal occasions."
84,Gigabyte Aorus Men Tshirt,"[""clothing"", ""men's t-shirts""]",Mens shirts,"The Gigabyte Aorus Men Tshirt is a cool and casual shirt for gaming enthusiasts. With the Aorus logo and sleek design, it's perfect for expressing your gaming style."
85,Man Plaid Shirt,"[""clothing"", ""men's shirts""]",Mens shirts,"The Man Plaid Shirt is a timeless and versatile men's shirt with a classic plaid pattern. Its comfortable fit and casual style make it a wardrobe essential for various occasions."
86,Man Short Sleeve Shirt,"[""clothing"", ""men's shirts""]",Mens shirts,"The Man Short Sleeve Shirt is a breezy and stylish option for warm days. With a comfortable fit and short sleeves, it's perfect for a laid-back yet polished look."
87,Men Check Shirt,"[""clothing"", ""men's shirts""]",Mens shirts,"The Men Check Shirt is a classic and versatile shirt featuring a stylish check pattern. Suitable for various occasions, it adds a smart and polished touch to your wardrobe."
88,Nike Air Jordan 1 Red And Black,"[""footwear"", ""athletic shoes""]",Mens shoes,"The Nike Air Jordan 1 in Red and Black is an iconic basketball sneaker known for its stylish design and high-performance features, making it a favorite among sneaker enthusiasts and athletes."
89,Nike Baseball Cleats,"[""footwear"", ""sports cleats""]",Mens shoes,Nike Baseball Cleats are designed for maximum traction and performance on the baseball field. They provide stability and support for players during games and practices.
90,Puma Future Rider Trainers,"[""footwear"", ""casual shoes""]",Mens shoes,"The Puma Future Rider Trainers offer a blend of retro style and modern comfort. Perfect for casual wear, these trainers provide a fashionable and comfortable option for everyday use."
91,Sports Sneakers Off White & Red,"[""footwear"", ""athletic shoes""]",Mens shoes,"The Sports Sneakers in Off White and Red combine style and functionality, making them a fashionable choice for sports enthusiasts. The red and off-white color combination adds a bold and energetic touch."
92,Sports Sneakers Off White Red,"[""footwear"", ""casual shoes""]",Mens shoes,"Another variant of the Sports Sneakers in Off White Red, featuring a unique design. These sneakers offer style and comfort for casual occasions."
93,Brown Leather Belt Watch,"[""watches"", ""leather watches""]",Mens watches,"The Brown Leather Belt Watch is a stylish timepiece with a classic design. Featuring a genuine leather strap and a sleek dial, it adds a touch of sophistication to your look."
94,Longines Master Collection,"[""watches"", ""luxury watches""]",Mens watches,"The Longines Master Collection is an elegant and refined watch known for its precision and craftsmanship. With a timeless design, it's a symbol of luxury and sophistication."
95,Rolex Cellini Date Black Dial,"[""watches"", ""luxury watches""]",Mens watches,"The Rolex Cellini Date with Black Dial is a classic and prestigious watch. With a black dial and date complication, it exudes sophistication and is a symbol of Rolex's heritage."
96,Rolex Cellini Moonphase,"[""watches"", ""luxury watches""]",Mens watches,"The Rolex Cellini Moonphase is a masterpiece of horology, featuring a moon phase complication and exquisite design. It reflects Rolex's commitment to precision and elegance."
97,Rolex Datejust,"[""watches"", ""luxury watches""]",Mens watches,"The Rolex Datejust is an iconic and versatile timepiece with a date window. Known for its timeless design and reliability, it's a symbol of Rolex's watchmaking excellence."
98,Rolex Submariner Watch,"[""watches"", ""luxury watches""]",Mens watches,"The Rolex Submariner is a legendary dive watch with a rich history. Known for its durability and water resistance, it's a symbol of adventure and exploration."
99,Amazon Echo Plus,"[""electronics"", ""smart speakers""]",Mobile accessories,The Amazon Echo Plus is a smart speaker with built-in Alexa voice control. It features premium sound quality and serves as a hub for controlling smart home devices.
100,Apple Airpods,"[""electronics"", ""wireless earphones""]",Mobile accessories,"The Apple Airpods offer a seamless wireless audio experience. With easy pairing, high-quality sound, and Siri integration, they are perfect for on-the-go listening."
101,Apple AirPods Max Silver,"[""electronics"", ""over-ear headphones""]",Mobile accessories,"The Apple AirPods Max in Silver are premium over-ear headphones with high-fidelity audio, adaptive EQ, and active noise cancellation. Experience immersive sound in style."
102,Apple Airpower Wireless Charger,"[""electronics"", ""wireless chargers""]",Mobile accessories,The Apple AirPower Wireless Charger provides a convenient way to charge your compatible Apple devices wirelessly. Simply place your devices on the charging mat for effortless charging.
103,Apple HomePod Mini Cosmic Grey,"[""electronics"", ""smart speakers""]",Mobile accessories,The Apple HomePod Mini in Cosmic Grey is a compact smart speaker that delivers impressive audio and integrates seamlessly with the Apple ecosystem for a smart home experience.
104,Apple iPhone Charger,"[""electronics"", ""chargers""]",Mobile accessories,The Apple iPhone Charger is a high-quality charger designed for fast and efficient charging of your iPhone. Ensure your device stays powered up and ready to go.
105,Apple MagSafe Battery Pack,"[""electronics"", ""power banks""]",Mobile accessories,The Apple MagSafe Battery Pack is a portable and convenient way to add extra battery life to your MagSafe-compatible iPhone. Attach it magnetically for a secure connection.
106,Apple Watch Series 4 Gold,"[""electronics"", ""smartwatches""]",Mobile accessories,"The Apple Watch Series 4 in Gold is a stylish and advanced smartwatch with features like heart rate monitoring, fitness tracking, and a beautiful Retina display."
107,Beats Flex Wireless Earphones,"[""electronics"", ""wireless earphones""]",Mobile accessories,"The Beats Flex Wireless Earphones offer a comfortable and versatile audio experience. With magnetic earbuds and up to 12 hours of battery life, they are ideal for everyday use."
108,iPhone 12 Silicone Case with MagSafe Plum,"[""electronics"", ""phone accessories""]",Mobile accessories,The iPhone 12 Silicone Case with MagSafe in Plum is a stylish and protective case designed for the iPhone 12. It features MagSafe technology for easy attachment of accessories.
109,Monopod,"[""electronics"", ""camera accessories""]",Mobile accessories,"The Monopod is a versatile camera accessory for stable and adjustable shooting. Perfect for capturing selfies, group photos, and videos with ease."
110,Selfie Lamp with iPhone,"[""electronics"", ""selfie accessories""]",Mobile accessories,The Selfie Lamp with iPhone is a portable and adjustable LED light designed to enhance your selfies and video calls. Attach it to your iPhone for well-lit photos.
111,Selfie Stick Monopod,"[""electronics"", ""selfie accessories""]",Mobile accessories,The Selfie Stick Monopod is a extendable and foldable device for capturing the perfect selfie or group photo. Compatible with smartphones and cameras.
112,TV Studio Camera Pedestal,"[""electronics"", ""camera accessories""]",Mobile accessories,The TV Studio Camera Pedestal is a professional-grade camera support system for smooth and precise camera movements in a studio setting. Ideal for broadcast and production.
113,Generic Motorcycle,"[""motorcycles""]",Motorcycle,"The Generic Motorcycle is a versatile and reliable bike suitable for various riding preferences. With a balanced design, it provides a comfortable and efficient riding experience."
114,Kawasaki Z800,"[""motorcycles"", ""sportbikes""]",Motorcycle,"The Kawasaki Z800 is a powerful and agile sportbike known for its striking design and performance. It's equipped with advanced features, making it a favorite among motorcycle enthusiasts."
115,MotoGP CI.H1,"[""motorcycles"", ""sportbikes""]",Motorcycle,The MotoGP CI.H1 is a high-performance motorcycle inspired by MotoGP racing technology. It offers cutting-edge features and precision engineering for an exhilarating riding experience.
116,Scooter Motorcycle,"[""motorcycles"", ""scooters""]",Motorcycle,The Scooter Motorcycle is a practical and fuel-efficient bike ideal for urban commuting. It features a step-through design and user-friendly controls for easy maneuverability.
117,Sportbike Motorcycle,"[""motorcycles"", ""sportbikes""]",Motorcycle,"The Sportbike Motorcycle is designed for speed and agility, with a sleek and aerodynamic profile. It's suitable for riders looking for a dynamic and thrilling riding experience."
118,Attitude Super Leaves Hand Soap,"[""personal care"", ""hand soap""]",Skin care,"Attitude Super Leaves Hand Soap is a natural and nourishing hand soap enriched with the goodness of super leaves. It cleanses and moisturizes your hands, leaving them feeling fresh and soft."
119,Olay Ultra Moisture Shea Butter Body Wash,"[""personal care"", ""body wash""]",Skin care,Olay Ultra Moisture Shea Butter Body Wash is a luxurious body wash that hydrates and nourishes your skin with the moisturizing power of shea butter. Enjoy a rich lather and silky-smooth skin.
120,Vaseline Men Body and Face Lotion,"[""personal care"", ""body lotion""]",Skin care,"Vaseline Men Body and Face Lotion is a specially formulated lotion designed to provide long-lasting moisture to men's skin. It absorbs quickly and helps keep the skin hydrated and healthy."
121,iPhone 5s,"[""smartphones"", ""apple""]",Smartphones,"The iPhone 5s is a classic smartphone known for its compact design and advanced features during its release. While it's an older model, it still provides a reliable user experience."
122,iPhone 6,"[""smartphones"", ""apple""]",Smartphones,"The iPhone 6 is a stylish and capable smartphone with a larger display and improved performance. It introduced new features and design elements, making it a popular choice in its time."
123,iPhone 13 Pro,"[""smartphones"", ""apple""]",Smartphones,"The iPhone 13 Pro is a cutting-edge smartphone with a powerful camera system, high-performance chip, and stunning display. It offers advanced features for users who demand top-notch technology."
124,iPhone X,"[""smartphones"", ""apple""]",Smartphones,"The iPhone X is a flagship smartphone featuring a bezel-less OLED display, facial recognition technology (Face ID), and impressive performance. It represents a milestone in iPhone design and innovation."
125,Oppo A57,"[""smartphones"", ""oppo""]",Smartphones,"The Oppo A57 is a mid-range smartphone known for its sleek design and capable features. It offers a balance of performance and affordability, making it a popular choice."
126,Oppo F19 Pro Plus,"[""smartphones"", ""oppo""]",Smartphones,The Oppo F19 Pro Plus is a feature-rich smartphone with a focus on camera capabilities. It boasts advanced photography features and a powerful performance for a premium user experience.
127,Oppo K1,"[""smartphones"", ""oppo""]",Smartphones,"The Oppo K1 series offers a range of smartphones with various features and specifications. Known for their stylish design and reliable performance, the Oppo K1 series caters to diverse user preferences."
128,Realme C35,"[""smartphones"", ""realme""]",Smartphones,The Realme C35 is a budget-friendly smartphone with a focus on providing essential features for everyday use. It offers a reliable performance and user-friendly experience.
129,Realme X,"[""smartphones"", ""realme""]",Smartphones,The Realme X is a mid-range smartphone known for its sleek design and impressive display. It offers a good balance of performance and camera capabilities for users seeking a quality device.
130,Realme XT,"[""smartphones"", ""realme""]",Smartphones,"The Realme XT is a feature-rich smartphone with a focus on camera technology. It comes equipped with advanced camera sensors, delivering high-quality photos and videos for photography enthusiasts."
131,Samsung Galaxy S7,"[""smartphones"", ""samsung galaxy""]",Smartphones,"The Samsung Galaxy S7 is a flagship smartphone known for its sleek design and advanced features. It features a high-resolution display, powerful camera, and robust performance."
132,Samsung Galaxy S8,"[""smartphones"", ""samsung galaxy""]",Smartphones,"The Samsung Galaxy S8 is a premium smartphone with an Infinity Display, offering a stunning visual experience. It boasts advanced camera capabilities and cutting-edge technology."
133,Samsung Galaxy S10,"[""smartphones"", ""samsung galaxy""]",Smartphones,"The Samsung Galaxy S10 is a flagship device featuring a dynamic AMOLED display, versatile camera system, and powerful performance. It represents innovation and excellence in smartphone technology."
134,Vivo S1,"[""smartphones"", ""vivo""]",Smartphones,"The Vivo S1 is a stylish and mid-range smartphone offering a blend of design and performance. It features a vibrant display, capable camera system, and reliable functionality."
135,Vivo V9,"[""smartphones"", ""vivo""]",Smartphones,"The Vivo V9 is a smartphone known for its sleek design and emphasis on capturing high-quality selfies. It features a notch display, dual-camera setup, and a modern design."
136,Vivo X21,"[""smartphones"", ""vivo""]",Smartphones,"The Vivo X21 is a premium smartphone with a focus on cutting-edge technology. It features an in-display fingerprint sensor, a high-resolution display, and advanced camera capabilities."
137,American Football,"[""sports equipment"", ""american football""]",Sports accessories,"The American Football is a classic ball used in American football games. It is designed for throwing and catching, making it an essential piece of equipment for the sport."
138,Baseball Ball,"[""sports equipment"", ""baseball""]",Sports accessories,"The Baseball Ball is a standard baseball used in baseball games. It features a durable leather cover and is designed for pitching, hitting, and fielding in the game of baseball."
139,Baseball Glove,"[""sports equipment"", ""baseball""]",Sports accessories,"The Baseball Glove is a protective glove worn by baseball players. It is designed to catch and field the baseball, providing players with comfort and control during the game."
140,Basketball,"[""sports equipment"", ""basketball""]",Sports accessories,"The Basketball is a standard ball used in basketball games. It is designed for dribbling, shooting, and passing in the game of basketball, suitable for both indoor and outdoor play."
141,Basketball Rim,"[""sports equipment"", ""basketball""]",Sports accessories,The Basketball Rim is a sturdy hoop and net assembly mounted on a basketball backboard. It provides a target for shooting and scoring in the game of basketball.
142,Cricket Ball,"[""sports equipment"", ""cricket""]",Sports accessories,"The Cricket Ball is a hard leather ball used in the sport of cricket. It is bowled and batted in the game, and its hardness and seam contribute to the dynamics of cricket play."
143,Cricket Bat,"[""sports equipment"", ""cricket""]",Sports accessories,The Cricket Bat is an essential piece of cricket equipment used by batsmen to hit the cricket ball. It is made of wood and comes in various sizes and designs.
144,Cricket Helmet,"[""sports equipment"", ""cricket""]",Sports accessories,"The Cricket Helmet is a protective headgear worn by cricket players, especially batsmen and wicketkeepers. It provides protection against fast bowling and bouncers."
145,Cricket Wicket,"[""sports equipment"", ""cricket""]",Sports accessories,"The Cricket Wicket is a set of three stumps and two bails, forming a wicket used in the sport of cricket. Batsmen aim to protect the wicket while scoring runs."
146,Feather Shuttlecock,"[""sports equipment"", ""badminton""]",Sports accessories,"The Feather Shuttlecock is used in the sport of badminton. It features natural feathers and is designed for high-speed play, providing stability and accuracy during matches."
147,Football,"[""sports equipment"", ""football""]",Sports accessories,"The Football, also known as a soccer ball, is the standard ball used in the sport of football (soccer). It is designed for kicking and passing in the game."
148,Golf Ball,"[""sports equipment"", ""golf""]",Sports accessories,"The Golf Ball is a small ball used in the sport of golf. It features dimples on its surface, providing aerodynamic lift and distance when struck by a golf club."
149,Iron Golf,"[""sports equipment"", ""golf""]",Sports accessories,"The Iron Golf is a type of golf club designed for various golf shots. It features a solid metal head and is used for approach shots, chipping, and other golfing techniques."
150,Metal Baseball Bat,"[""sports equipment"", ""baseball""]",Sports accessories,The Metal Baseball Bat is a durable and lightweight baseball bat made from metal alloys. It is commonly used in baseball games for hitting and batting practice.
151,Tennis Ball,"[""sports equipment"", ""tennis""]",Sports accessories,The Tennis Ball is a standard ball used in the sport of tennis. It is designed for bouncing and hitting with tennis rackets during matches or practice sessions.
152,Tennis Racket,"[""sports equipment"", ""tennis""]",Sports accessories,"The Tennis Racket is an essential piece of equipment used in the sport of tennis. It features a frame with strings and a grip, allowing players to hit the tennis ball."
153,Volleyball,"[""sports equipment"", ""volleyball""]",Sports accessories,"The Volleyball is a standard ball used in the sport of volleyball. It is designed for passing, setting, and spiking over the net during volleyball matches."
154,Black Sun Glasses,"[""eyewear"", ""sunglasses""]",Sunglasses,"The Black Sun Glasses are a classic and stylish choice, featuring a sleek black frame and tinted lenses. They provide both UV protection and a fashionable look."
155,Classic Sun Glasses,"[""eyewear"", ""sunglasses""]",Sunglasses,The Classic Sun Glasses offer a timeless design with a neutral frame and UV-protected lenses. These sunglasses are versatile and suitable for various occasions.
156,Green and Black Glasses,"[""eyewear"", ""sunglasses""]",Sunglasses,"The Green and Black Glasses feature a bold combination of green and black colors, adding a touch of vibrancy to your eyewear collection. They are both stylish and eye-catching."
157,Party Glasses,"[""eyewear"", ""party glasses""]",Sunglasses,"The Party Glasses are designed to add flair to your party outfit. With unique shapes or colorful frames, they're perfect for adding a playful touch to your look during celebrations."
158,Sunglasses,"[""eyewear"", ""sunglasses""]",Sunglasses,The Sunglasses offer a classic and simple design with a focus on functionality. These sunglasses provide essential UV protection while maintaining a timeless look.
159,iPad Mini 2021 Starlight,"[""electronics"", ""tablets""]",Tablets,"The iPad Mini 2021 in Starlight is a compact and powerful tablet from Apple. Featuring a stunning Retina display, powerful A-series chip, and a sleek design, it offers a premium tablet experience."
160,Samsung Galaxy Tab S8 Plus Grey,"[""electronics"", ""tablets""]",Tablets,"The Samsung Galaxy Tab S8 Plus in Grey is a high-performance Android tablet by Samsung. With a large AMOLED display, powerful processor, and S Pen support, it's ideal for productivity and entertainment."
161,Samsung Galaxy Tab White,"[""electronics"", ""tablets""]",Tablets,"The Samsung Galaxy Tab in White is a sleek and versatile Android tablet. With a vibrant display, long-lasting battery, and a range of features, it offers a great user experience for various tasks."
162,Blue Frock,"[""clothing"", ""dresses""]",Tops,"The Blue Frock is a charming and stylish dress for various occasions. With a vibrant blue color and a comfortable design, it adds a touch of elegance to your wardrobe."
163,Girl Summer Dress,"[""clothing"", ""girls' dresses""]",Tops,"The Girl Summer Dress is a cute and breezy dress designed for warm weather. With playful patterns and lightweight fabric, it's perfect for keeping cool and stylish during the summer."
164,Gray Dress,"[""clothing"", ""dresses""]",Tops,"The Gray Dress is a versatile and chic option for various occasions. With a neutral gray color, it can be dressed up or down, making it a wardrobe staple for any fashion-forward individual."
165,Short Frock,"[""clothing"", ""dresses""]",Tops,"The Short Frock is a playful and trendy dress with a shorter length. Ideal for casual outings or special occasions, it combines style and comfort for a fashionable look."
166,Tartan Dress,"[""clothing"", ""dresses""]",Tops,"The Tartan Dress features a classic tartan pattern, bringing a timeless and sophisticated touch to your wardrobe. Perfect for fall and winter, it adds a hint of traditional charm."
167,300 Touring,"[""sedans"", ""vehicles""]",Vehicle,"The 300 Touring is a stylish and comfortable sedan, known for its luxurious features and smooth performance."
168,Charger SXT RWD,"[""sedans"", ""sports cars"", ""vehicles""]",Vehicle,"The Charger SXT RWD is a powerful and sporty rear-wheel-drive sedan, offering a blend of performance and practicality."
169,Dodge Hornet GT Plus,"[""hatchbacks"", ""compact cars"", ""vehicles""]",Vehicle,"The Dodge Hornet GT Plus is a compact and agile hatchback, perfect for urban driving with a touch of sportiness."
170,Durango SXT RWD,"[""suvs"", ""vehicles""]",Vehicle,"The Durango SXT RWD is a spacious and versatile SUV, known for its strong performance and family-friendly features."
171,Pacifica Touring,"[""minivans"", ""vehicles""]",Vehicle,"The Pacifica Touring is a stylish and well-equipped minivan, offering comfort and convenience for family journeys."
172,"Blue Women's Handbag","[""fashion accessories"", ""handbags""]",Womens bags,"The Blue Women's Handbag is a stylish and spacious accessory for everyday use. With a vibrant blue color and multiple compartments, it combines fashion and functionality."
173,"Heshe Women's Leather Bag","[""fashion accessories"", ""leather bags""]",Womens bags,"The Heshe Women's Leather Bag is a luxurious and high-quality leather bag for the sophisticated woman. With a timeless design and durable craftsmanship, it's a versatile accessory."
174,Prada Women Bag,"[""fashion accessories"", ""designer bags""]",Womens bags,"The Prada Women Bag is an iconic designer bag that exudes elegance and luxury. Crafted with precision and featuring the Prada logo, it's a statement piece for fashion enthusiasts."
175,White Faux Leather Backpack,"[""fashion accessories"", ""backpacks""]",Womens bags,"The White Faux Leather Backpack is a trendy and practical backpack for the modern woman. With a sleek white design and ample storage space, it's perfect for both casual and on-the-go styles."
176,Women Handbag Black,"[""fashion accessories"", ""handbags""]",Womens bags,"The Women Handbag in Black is a classic and versatile accessory that complements various outfits. With a timeless black color and functional design, it's a must-have in every woman's wardrobe."
177,"Black Women's Gown","[""clothing"", ""gowns""]",Womens dresses,"The Black Women's Gown is an elegant and timeless evening gown. With a sleek black design, it's perfect for formal events and special occasions, exuding sophistication and style."
178,Corset Leather With Skirt,"[""clothing"", ""corsets"", ""skirts""]",Womens dresses,"The Corset Leather With Skirt is a bold and edgy ensemble that combines a stylish corset with a matching skirt. Ideal for fashion-forward individuals, it makes a statement at any event."
179,Corset With Black Skirt,"[""clothing"", ""corsets"", ""skirts""]",Womens dresses,The Corset With Black Skirt is a chic and versatile outfit that pairs a fashionable corset with a classic black skirt. It offers a trendy and coordinated look for various occasions.
180,Dress Pea,"[""clothing"", ""dresses""]",Womens dresses,"The Dress Pea is a stylish and comfortable dress with a pea pattern. Perfect for casual outings, it adds a playful and fun element to your wardrobe, making it a great choice for day-to-day wear."
181,Marni Red & Black Suit,"[""clothing"", ""suits""]",Womens dresses,"The Marni Red & Black Suit is a sophisticated and fashion-forward suit ensemble. With a combination of red and black tones, it showcases a modern design for a bold and confident look."
182,Green Crystal Earring,"[""fashion accessories"", ""earrings""]",Womens jewellery,"The Green Crystal Earring is a dazzling accessory that features a vibrant green crystal. With a classic design, it adds a touch of elegance to your ensemble, perfect for formal or special occasions."
183,Green Oval Earring,"[""fashion accessories"", ""earrings""]",Womens jewellery,"The Green Oval Earring is a stylish and versatile accessory with a unique oval shape. Whether for casual or dressy occasions, its green hue and contemporary design make it a standout piece."
184,Tropical Earring,"[""fashion accessories"", ""earrings""]",Womens jewellery,"The Tropical Earring is a fun and playful accessory inspired by tropical elements. Featuring vibrant colors and a lively design, it's perfect for adding a touch of summer to your look."
185,Black & Brown Slipper,"[""footwear"", ""slippers""]",Womens shoes,"The Black & Brown Slipper is a comfortable and stylish choice for casual wear. Featuring a blend of black and brown colors, it adds a touch of sophistication to your relaxation."
186,Calvin Klein Heel Shoes,"[""footwear"", ""heel shoes""]",Womens shoes,"Calvin Klein Heel Shoes are elegant and sophisticated, designed for formal occasions. With a classic design and high-quality materials, they complement your stylish ensemble."
187,Golden Shoes Woman,"[""footwear"", ""women's shoes""]",Womens shoes,"The Golden Shoes for Women are a glamorous choice for special occasions. Featuring a golden hue and stylish design, they add a touch of luxury to your outfit."
188,Pampi Shoes,"[""footwear"", ""casual shoes""]",Womens shoes,"Pampi Shoes offer a blend of comfort and style for everyday use. With a versatile design, they are suitable for various casual occasions, providing a trendy and relaxed look."
189,Red Shoes,"[""footwear"", ""women's shoes""]",Womens shoes,"The Red Shoes make a bold statement with their vibrant red color. Whether for a party or a casual outing, these shoes add a pop of color and style to your wardrobe."
190,IWC Ingenieur Automatic Steel,"[""watches"", ""luxury watches""]",Womens watches,"The IWC Ingenieur Automatic Steel watch is a durable and sophisticated timepiece. With a stainless steel case and automatic movement, it combines precision and style for watch enthusiasts."
191,Rolex Cellini Moonphase,"[""watches"", ""luxury watches""]",Womens watches,"The Rolex Cellini Moonphase watch is a masterpiece of horology. Featuring a moon phase complication, it showcases the craftsmanship and elegance that Rolex is renowned for."
192,Rolex Datejust Women,"[""watches"", ""luxury watches"", ""women's watches""]",Womens watches,"The Rolex Datejust Women's watch is an iconic timepiece designed for women. With a timeless design and a date complication, it offers both elegance and functionality."
193,Watch Gold for Women,"[""watches"", ""women's watches""]",Womens watches,"The Gold Women's Watch is a stunning accessory that combines luxury and style. Featuring a gold-plated case and a chic design, it adds a touch of glamour to any outfit."
194,"Women's Wrist Watch","[""watches"", ""women's watches""]",Womens watches,"The Women's Wrist Watch is a versatile and fashionable timepiece for everyday wear. With a comfortable strap and a simple yet elegant design, it complements various styles."